<?xml version="1.0" encoding="utf-8"?>
<GraphicalInterface>
  <P Name="NumRootInports">0</P>
  <P Name="NumRootOutports">0</P>
  <P Name="ParameterArgumentNames"/>
  <P Name="NumModelReferences">0</P>
  <P Name="NumTestPointedSignals">0</P>
  <P Name="NumProvidedFunctions">0</P>
  <P Name="NumRequiredFunctions">0</P>
  <P Name="NumResetEvents">0</P>
  <P Name="HasInitializeEvent">0</P>
  <P Name="HasTerminateEvent">0</P>
  <P Name="IsExportFunctionModel">0</P>
  <P Name="NumParameterArguments">0</P>
  <P Name="NumExternalFileReferences">1</P>
  <ExternalFileReference>
    <P Name="Reference">slctrlblks/Model Verification/Check Gain and Phase Margins</P>
    <P Name="Path">$bdroot/Gain and Phase Margin Plot</P>
    <P Name="SID">4</P>
    <P Name="Type">LIBRARY_BLOCK</P>
  </ExternalFileReference>
  <P Name="OrderedModelArguments">1</P>
</GraphicalInterface>
